fromba,toba,total_mwh,mean_mw,hours_active
PJM,MISO,56567112.0,6493.756399954081,8711
SRP,AZPS,30108668.0,3437.0625570776256,8760
BPAT,PSEI,16049993.0,1832.1909817351598,8760
BPAT,PGE,15191691.0,1734.2113013698631,8760
PJM,NYIS,13841487.0,1588.9664791642751,8711
MISO,TVA,13485144.0,1539.4,8760
GRID,BPAT,9675046.0,1104.457305936073,8760
BPAT,BCHA,9478010.0,1081.9646118721462,8760
LDWP,NEVP,8634042.0,991.051652892562,8712
BPAT,PACW,8551566.0,976.2061643835616,8760
PACE,IPCO,8173212.0,933.0150684931507,8760
SRP,CISO,7872416.0,898.6776255707763,8760
BPAT,SCL,7798197.0,890.2051369863013,8760
WALC,LDWP,7739967.0,885.9852335164835,8736
NEVP,CISO,7559381.0,862.9430365296804,8760
SEC,FPL,7314361.0,841.9892943478761,8687
FPL,FPC,7293163.0,841.7778162511541,8664
SCEG,SC,7229923.0,829.880968778696,8712
AZPS,WALC,7120617.0,812.8558219178083,8760
SOCO,SCEG,7120077.0,812.7941780821918,8760
AZPS,CISO,7066150.0,806.6381278538813,8760
NWMT,BPAT,6997813.0,798.837100456621,8760
TVA,PJM,6205979.0,708.5259732846215,8759
BPAT,LDWP,6138562.0,700.7490867579909,8760
BPAT,AVA,6030739.0,688.4405251141552,8760
WACM,PACE,5564055.0,642.203947368421,8664
SC,DUK,4879151.0,556.9807077625571,8760
FMPP,FPC,4744709.0,543.1836290784202,8735
AVRN,BPAT,4677634.0,533.9764840182648,8760
GRID,SRP,4400217.0,502.3078767123288,8760
SOCO,MISO,4388364.0,500.9547945205479,8760
FPL,JEA,4083747.0,471.34660664819944,8664
SOCO,SC,4055389.0,462.9439497716895,8760
SEC,FPC,3984749.0,458.70254403131116,8687
FPC,TEC,3707823.0,423.26746575342463,8760
DUK,SOCO,3692142.0,421.47739726027396,8760
BPAT,TPWR,3599272.0,410.875799086758,8760
CHPD,BPAT,3503817.0,399.9791095890411,8760
DEAA,SRP,3494661.0,398.93390410958904,8760
PNM,EPE,3491776.0,398.6045662100457,8760
FPL,FMPP,3483289.0,402.0416666666667,8664
TVA,SOCO,3455975.0,394.5627354720859,8759
DUK,PJM,3423659.0,390.8286529680365,8760
AZPS,LDWP,3381807.0,386.05102739726027,8760
WALC,NEVP,3119696.0,357.1080586080586,8736
AVRN,PACW,3100349.0,353.9211187214612,8760
CPLE,PJM,3029290.0,345.8093607305936,8760
GRIF,WALC,3019019.0,413.7909813596491,7296
IPCO,PACW,2951301.0,336.90650684931506,8760
SOCO,FPL,2902957.0,331.38778538812784,8760
TEC,FPL,2785791.0,318.5581475128645,8745
IID,CISO,2715953.0,311.74850780532597,8712
NYIS,ISNE,2649984.0,302.50958904109586,8760
TVA,LGEE,2587510.0,295.4115766640027,8759
LDWP,CISO,2575799.0,295.6610422405877,8712
PSCO,WACM,2387612.0,272.5584474885845,8760
SWPP,AECI,2356114.0,271.9743737735196,8663
HGMA,SRP,2291600.0,261.5981735159817,8760
WACM,WALC,2207738.0,254.817405355494,8664
GCPD,BPAT,2157193.0,246.2549086757991,8760
MISO,LGEE,2154251.0,245.91906392694065,8760
GRID,PNM,2073871.0,236.74326484018266,8760
TEC,FMPP,2052363.0,234.68987993138936,8745
DOPD,BPAT,2052144.0,234.26301369863015,8760
SEPA,SOCO,1931990.0,221.73648571100654,8713
SPA,MISO,1809696.0,206.586301369863,8760
SPA,AECI,1459511.0,166.61084474885845,8760
CPLE,SC,1313280.0,149.91780821917808,8760
WALC,SRP,1282661.0,146.82474816849816,8736
SWPP,ERCO,1234246.0,142.47327715571973,8663
AECI,TVA,1198716.0,136.83972602739726,8760
AZPS,PACE,1193078.0,136.19611872146118,8760
BPAT,BANC,1156036.0,131.9675799086758,8760
WALC,TEPC,1147627.0,131.36755952380952,8736
BPAT,CISO,1141151.0,130.26837899543378,8760
TAL,FPC,1115752.0,127.3689497716895,8760
DUK,CPLE,1108653.0,126.55856164383562,8760
SWPP,WACM,1105032.0,127.55765900958097,8663
CISO,TIDC,1072065.0,122.3818493150685,8760
PNM,AZPS,1053903.0,120.30856164383562,8760
CHPD,PSEI,1050456.0,119.91506849315068,8760
PSCO,PNM,1041102.0,118.84726027397261,8760
SCEG,DUK,1031865.0,118.4418044077135,8712
AECI,MISO,1025915.0,117.11358447488584,8760
AZPS,TEPC,884366.0,100.95502283105023,8760
MISO,SWPP,849274.0,96.94908675799087,8760
WACM,AZPS,844517.0,97.47426131117267,8664
PGE,PACW,828115.0,94.53367579908675,8760
GCPD,PACW,823903.0,94.05285388127854,8760
PACE,NEVP,791103.0,90.30856164383562,8760
CHPD,DOPD,770100.0,87.91095890410959,8760
SCEG,CPLE,768148.0,88.1712580348944,8712
YAD,DUK,711019.0,81.61375114784205,8712
SOCO,TAL,706447.0,80.64463470319635,8760
NWMT,AESO,692280.0,79.02739726027397,8760
PSEI,GCPD,671297.0,76.63207762557077,8760
CISO,CEN,646239.0,73.77157534246575,8760
GRID,WALC,640934.0,437.4976109215017,1465
FPL,HST,622831.0,71.88723453370268,8664
EPE,TEPC,620028.0,70.77945205479452,8760
CISO,BANC,613895.0,70.07933789954338,8760
TIDC,BANC,599146.0,68.57571248712372,8737
SPA,SWPP,595421.0,67.97043378995434,8760
PACW,AVA,565811.0,64.59029680365296,8760
WWA,NWMT,557189.0,63.6060502283105,8760
NWMT,AVA,553678.0,63.20525114155251,8760
SWPP,PSCO,541335.0,62.488168071107005,8663
DUK,SEPA,524533.0,59.87819634703197,8760
AVA,GCPD,523722.0,59.785616438356165,8760
TVA,DUK,497182.0,56.762415800890516,8759
LGEE,PJM,485132.0,55.38036529680365,8760
PNM,TEPC,482989.0,55.135730593607306,8760
GWA,NWMT,450634.0,51.44223744292238,8760
TPWR,PSEI,418853.0,47.8142694063927,8760
DUK,CPLW,415224.0,47.4,8760
ERCO,CEN,381949.0,43.63136851724926,8754
SWPP,EPE,373609.0,43.126976797876026,8663
SWPP,WAUW,366390.0,42.29366270345146,8663
FPL,GVL,355361.0,41.01581255771006,8664
IPCO,BPAT,354788.0,40.50091324200913,8760
SWPP,PNM,344927.0,39.81611450998499,8663
PACE,LDWP,320101.0,36.5412100456621,8760
TEPC,SRP,292220.0,33.63489871086556,8688
BPAT,NEVP,248586.0,28.377397260273973,8760
GVL,FPC,160696.0,18.39890084726357,8734
PJM,CPLW,156292.0,17.941912524394443,8711
PNM,WACM,152695.0,17.43093607305936,8760
SC,SEPA,151017.0,17.239383561643837,8760
JEA,FMPP,134536.0,15.35799086757991,8760
PACE,NWMT,128696.0,14.691324200913241,8760
NWMT,IPCO,116796.0,13.332876712328767,8760
IID,AZPS,106939.0,12.274908172635445,8712
YAD,CPLE,98402.0,11.294995408631772,8712
WAUW,NWMT,92607.0,10.571575342465753,8760
IPCO,NEVP,89554.0,10.223059360730593,8760
SOCO,FPC,81673.0,9.323401826484018,8760
IID,WALC,72102.0,8.276170798898072,8712
SEC,TEC,58574.0,6.742719005410383,8687
CPLW,TVA,54813.0,6.257191780821918,8760
SEPA,SCEG,52197.0,5.990703546424882,8713
SEC,JEA,44433.0,5.114884309888339,8687
IPCO,AVA,43748.0,4.9940639269406395,8760
SCL,PSEI,28620.0,3.267123287671233,8760
CISO,PACW,8458.0,0.9688430698739977,8730
CHPD,AVA,5644.0,0.6442922374429224,8760
WAUW,WACM,-26.0,-0.0029680365296803654,8760
WACM,WAUW,-59.0,-0.006809787626962142,8664
AVA,CHPD,-5642.0,-0.6440639269406393,8760
PACW,CISO,-8465.0,-0.966324200913242,8760
PSEI,SCL,-28423.0,-3.244634703196347,8760
AVA,IPCO,-43748.0,-4.9940639269406395,8760
JEA,SEC,-44913.0,-5.127054794520548,8760
TVA,CPLW,-54839.0,-6.260874529055828,8759
SCEG,SEPA,-54982.0,-6.311065197428833,8712
TEC,SEC,-71575.0,-8.185612991765781,8744
WALC,IID,-72236.0,-8.268772893772894,8736
FPC,SOCO,-81651.0,-9.320890410958905,8760
NEVP,IPCO,-89554.0,-10.223059360730593,8760
NWMT,WAUW,-92659.0,-10.577511415525114,8760
CPLE,YAD,-100458.0,-11.467808219178082,8760
AZPS,IID,-107017.0,-12.216552511415525,8760
IPCO,NWMT,-116798.0,-13.33310502283105,8760
NWMT,PACE,-128629.0,-14.683675799086759,8760
FMPP,JEA,-134241.0,-15.368174012593016,8735
SEPA,SC,-151718.0,-17.4128314013543,8713
WACM,PNM,-152572.0,-17.60987996306556,8664
FPC,GVL,-163659.0,-18.682534246575344,8760
CPLW,PJM,-238841.0,-27.264954337899542,8760
NEVP,BPAT,-248586.0,-28.377397260273973,8760
SWPP,SPC,-301438.0,-34.79602908923006,8663
LDWP,PACE,-307403.0,-35.28500918273645,8712
SRP,TEPC,-313712.0,-35.81187214611872,8760
PNM,SWPP,-349805.0,-39.93207762557078,8760
GVL,FPL,-351261.0,-40.217655140828946,8734
BPAT,IPCO,-354788.0,-40.50091324200913,8760
CISO,WALC,-366219.0,-41.80582191780822,8760
WAUW,SWPP,-369179.0,-42.14372146118721,8760
EPE,SWPP,-374426.0,-42.74269406392694,8760
CPLW,DUK,-415224.0,-47.4,8760
PSEI,TPWR,-418852.0,-47.81415525114155,8760
NWMT,GWA,-450527.0,-51.43002283105023,8760
TEPC,PNM,-488520.0,-56.229281767955804,8688
DUK,TVA,-497223.0,-56.760616438356166,8760
WALC,CISO,-516813.0,-59.158997252747255,8736
SEPA,DUK,-520715.0,-59.762997819350396,8713
GCPD,AVA,-523718.0,-59.7851598173516,8760
PSCO,SWPP,-547743.0,-62.5277397260274,8760
AVA,NWMT,-553681.0,-63.205593607305936,8760
NWMT,WWA,-560607.0,-63.99623287671233,8760
AVA,PACW,-565813.0,-64.59052511415526,8760
BANC,TIDC,-598708.0,-68.34566210045662,8760
SWPP,SPA,-603311.0,-69.64227173034746,8663
WALC,GRID,-603854.0,-433.80316091954023,1392
TEPC,EPE,-607002.0,-69.86671270718232,8688
HST,FPL,-632445.0,-72.19691780821918,8760
BANC,CISO,-642586.0,-73.35456621004566,8760
GCPD,PSEI,-671296.0,-76.63196347031963,8760
TAL,SOCO,-706658.0,-80.66872146118722,8760
DUK,YAD,-710694.0,-81.12945205479453,8760
CPLE,SCEG,-769770.0,-87.87328767123287,8760
NEVP,PACE,-790973.0,-90.29372146118722,8760
DOPD,CHPD,-792709.0,-90.49189497716895,8760
SWPP,MISO,-823470.0,-95.05598522451807,8663
PACW,GCPD,-823903.0,-94.05285388127854,8760
PACW,PGE,-828115.0,-94.53367579908675,8760
TEPC,AZPS,-869922.0,-100.12914364640883,8688
AZPS,WACM,-917366.0,-104.72214611872145,8760
MISO,AECI,-1018381.0,-116.2535388127854,8760
DUK,SCEG,-1037413.0,-118.42614155251141,8760
PNM,PSCO,-1041037.0,-118.8398401826484,8760
PSEI,CHPD,-1050442.0,-119.9134703196347,8760
AZPS,PNM,-1052709.0,-120.1722602739726,8760
TIDC,CISO,-1071513.0,-122.64083781618405,8737
CPLE,DUK,-1108653.0,-126.55856164383562,8760
WACM,SWPP,-1113560.0,-128.52723915050785,8664
FPC,TAL,-1115576.0,-127.34885844748858,8760
CISO,BPAT,-1141151.0,-130.26837899543378,8760
TEPC,WALC,-1153306.0,-132.7470073664825,8688
BANC,BPAT,-1156038.0,-131.9678082191781,8760
TVA,AECI,-1162955.0,-132.77257677817101,8759
PACE,AZPS,-1192714.0,-136.15456621004566,8760
BPAT,AVRN,-1205607.0,-137.6263698630137,8760
ERCO,SWPP,-1237017.0,-141.3087731322824,8754
SC,CPLE,-1313314.0,-149.9216894977169,8760
PJM,LGEE,-1379054.0,-158.31178969119503,8711
AECI,SPA,-1459246.0,-166.58059360730593,8760
BPAT,GRID,-1617598.0,-184.65730593607307,8760
MISO,SPA,-1811983.0,-206.84737442922375,8760
SRP,WALC,-1899659.0,-216.8560502283105,8760
SOCO,SEPA,-1949245.0,-222.5165525114155,8760
ISNE,NBSO,-1977117.0,-225.6982876712329,8760
FMPP,TEC,-2049845.0,-234.67029192902118,8735
BPAT,DOPD,-2052144.0,-234.26301369863015,8760
PNM,GRID,-2074364.0,-236.79954337899542,8760
AECI,SWPP,-2095465.0,-239.20833333333334,8760
LGEE,MISO,-2146453.0,-245.02888127853882,8760
BPAT,GCPD,-2157113.0,-246.24577625570777,8760
WALC,WACM,-2221687.0,-254.3139880952381,8736
SRP,HGMA,-2291600.0,-261.5981735159817,8760
WACM,PSCO,-2343676.0,-270.5073868882733,8664
CISO,LDWP,-2579071.0,-294.41449771689497,8760
LGEE,TVA,-2587718.0,-295.401598173516,8760
ISNE,NYIS,-2614903.0,-298.5049086757991,8760
PJM,CPLE,-2638622.0,-302.90689932269544,8711
NYIS,HQT,-2707610.0,-309.087899543379,8760
CISO,IID,-2747573.0,-313.64988584474884,8760
FPL,TEC,-2774218.0,-320.2006001846722,8664
FPL,SOCO,-2810915.0,-324.4361726685134,8664
PACW,IPCO,-2951287.0,-336.9049086757991,8760
WALC,GRIF,-3005489.0,-411.93654057017545,7296
PACW,AVRN,-3100255.0,-353.9103881278539,8760
NEVP,WALC,-3137940.0,-358.21232876712327,8760
TPWR,BPAT,-3194409.0,-364.65856164383564,8760
LDWP,AZPS,-3359142.0,-385.5764462809917,8712
SOCO,TVA,-3456874.0,-394.6203196347032,8760
EPE,PNM,-3491762.0,-398.60296803652966,8760
SRP,DEAA,-3494661.0,-398.93390410958904,8760
FMPP,FPL,-3503146.0,-401.04705208929596,8735
BPAT,CHPD,-3508849.0,-400.5535388127854,8760
SOCO,DUK,-3692559.0,-421.525,8760
TEC,FPC,-3697848.0,-422.85283018867926,8745
FPC,SEC,-3985891.0,-455.0103881278539,8760
SC,SOCO,-4055160.0,-462.9178082191781,8760
NYIS,IESO,-4101515.0,-468.20947488584477,8760
JEA,FPL,-4125266.0,-470.9207762557078,8760
AVA,BPAT,-4222306.0,-481.99840182648404,8760
SRP,GRID,-4400141.0,-502.29920091324203,8760
FPC,FMPP,-4736023.0,-540.6418949771689,8760
DUK,SC,-4879130.0,-556.9783105022831,8760
SCL,BPAT,-4948306.0,-564.8751141552511,8760
MISO,SOCO,-5239233.0,-598.0859589041096,8760
MISO,MHEB,-5389292.0,-615.2159817351599,8760
LDWP,BPAT,-6138554.0,-704.6090449954087,8712
PJM,DUK,-6694731.0,-768.537596142808,8711
PACE,WACM,-6767413.0,-772.5357305936074,8760
PJM,TVA,-6984844.0,-801.8418092067501,8711
BPAT,NWMT,-6997762.0,-798.8312785388127,8760
WALC,AZPS,-7040120.0,-805.8745421245421,8736
CISO,AZPS,-7066922.0,-806.7262557077626,8760
SCEG,SOCO,-7077674.0,-812.4051882460973,8712
FPL,SEC,-7256741.0,-837.5739843028624,8664
FPC,FPL,-7406443.0,-845.4843607305936,8760
MISO,IESO,-7442787.0,-849.6332191780822,8760
CISO,NEVP,-7559381.0,-862.9430365296804,8760
SC,SCEG,-7617832.0,-869.6155251141553,8760
LDWP,WALC,-7753461.0,-889.9748622589532,8712
IPCO,PACE,-8173316.0,-933.0269406392694,8760
PACW,BPAT,-8582037.0,-979.6845890410959,8760
NEVP,LDWP,-8663962.0,-989.0367579908676,8760
CISO,SRP,-9717954.0,-1109.3554794520549,8760
ISNE,HQT,-10547524.0,-1204.0552511415526,8760
TVA,MISO,-14526828.0,-1658.5030254595274,8759
PGE,BPAT,-15451054.0,-1763.8189497716894,8760
PSEI,BPAT,-16007476.0,-1827.3374429223745,8760
NYIS,PJM,-19294263.0,-2202.5414383561642,8760
AZPS,SRP,-31051590.0,-3544.7020547945203,8760
MISO,PJM,-33499599.0,-3824.1551369863014,8760
