registry_facility_id,eia_plant_code,geoid,facility_cap_50km_mw,county_gen_cap_50km_mw,facility_share,global_min_gen_cap_50km_mw,global_max_gen_cap_50km_mw,ec_slope,delta
eia860_10138_30009,10138,30009,2.0,303.9827430718647,0.006579320851536559,0.0,5796.9,0.00028750999097218634,0.0005750199819443727
eia860_10138_30009,10138,30095,1.3000668300289597,483.88968589886383,0.002686700849211079,0.0,5796.9,0.00028750999097218634,0.00037378220256486513
eia860_10422_08049,10422,08037,0.8018867924528302,46.15302964959569,0.017374521207837,0.0,5796.9,0.00028750999097218634,0.00023055046445882868
eia860_10422_08049,10422,08049,3.5,244.48626303739508,0.014315732738999172,0.0,5796.9,0.00028750999097218634,0.0010062849684026522
eia860_10422_08049,10422,08117,1.1990793086738813,354.80642868680343,0.003379530954700764,0.0,5796.9,0.00028750999097218634,0.00034474728121176303
eia860_10423_08093,10423,08019,5.5,1062.0614059342763,0.005178608288813347,0.0,5796.9,0.00028750999097218634,0.0015813049503470248
eia860_10423_08093,10423,08047,5.5,1666.264788251366,0.003300795911178009,0.0,5796.9,0.00028750999097218634,0.0015813049503470248
eia860_10423_08093,10423,08049,1.0360595268379547,244.48626303739508,0.0042377003679731715,0.0,5796.9,0.00028750999097218634,0.000297877465207828
eia860_10423_08093,10423,08059,1.021725100130977,3231.9013993314816,0.0003161374602400682,0.0,5796.9,0.00028750999097218634,0.0002937561743147134
eia860_10423_08093,10423,08093,4.633289765300904,374.3606126044212,0.012376541786987622,0.0,5796.9,0.00028750999097218634,0.0013321170985931862
eia860_10423_08093,10423,08117,5.273283799063156,354.80642868680343,0.014862424614402962,0.0,5796.9,0.00028750999097218634,0.0015161217774624246
eia860_10682_08087,10682,08087,211.6,1191.8998037527972,0.17753170135086818,0.0,5796.9,0.00028750999097218634,0.06083711408971463
eia860_10682_08087,10682,08121,118.69279634627361,616.7379281710608,0.1924525652220833,0.0,5796.9,0.00028750999097218634,0.034125364805980676
eia860_2176_30021,2176,30021,83.7,83.7,1.0,0.0,5796.9,0.00028750999097218634,0.024064586244371997
eia860_2176_30021,2176,30109,83.7,83.7,1.0,0.0,5796.9,0.00028750999097218634,0.024064586244371997
eia860_2177_30017,2177,30017,23.300000000000004,192.93054277828887,0.12076885113403638,0.0,5796.9,0.00028750999097218634,0.006698982789651943
eia860_2191_30013,2191,30013,42.688703800104115,299.98882526461915,0.14230097991966384,0.0,5796.9,0.00028750999097218634,0.01227342884418227
eia860_2192_30095,2192,30009,5.398590887740723,303.9827430718647,0.0177595307983139,0.0,5796.9,0.00028750999097218634,0.0015521488173968628
eia860_2192_30095,2192,30095,2.536867899309423,483.88968589886383,0.005242657517274806,0.0,5796.9,0.00028750999097218634,0.0007293748668280815
eia860_2204_30003,2204,30003,76.61657754010697,147.4375859434683,0.5196543137208169,0.0,5796.9,0.00028750999097218634,0.02202803151687597
eia860_2204_30003,2204,30111,8.633874241801793,364.2662296706218,0.02370209901040991,0.0,5796.9,0.00028750999097218634,0.0024823251053154257
eia860_2230_31049,2230,08115,1.1,271.5,0.004051565377532229,0.0,5796.9,0.00028750999097218634,0.000316260990069405
eia860_2230_31049,2230,31033,1.1,767.6528612077141,0.0014329393604674632,0.0,5796.9,0.00028750999097218634,0.000316260990069405
eia860_2230_31049,2230,31049,1.1,175.4,0.006271379703534778,0.0,5796.9,0.00028750999097218634,0.000316260990069405
eia860_3325_46103,3325,46033,110.0,121.45273047563124,0.9057021572855526,0.0,5796.9,0.00028750999097218634,0.031626099006940495
eia860_3325_46103,3325,46081,16.495565708142973,31.007332898222444,0.5319891834066326,0.0,5796.9,0.00028750999097218634,0.004742639947829292
eia860_3325_46103,3325,46093,89.30296963630298,161.72766099432766,0.5521811735064611,0.0,5796.9,0.00028750999097218634,0.0256754959939229
eia860_3325_46103,3325,46103,106.6487598064972,269.06319641983583,0.39637067137226223,0.0,5796.9,0.00028750999097218634,0.030662583969160877
eia860_3699_49017,3699,49017,4.199999999999999,4.199999999999999,1.0,0.0,5796.9,0.00028750999097218634,0.0012075419620831823
eia860_3704_49013,3704,49013,1.2,1.2,1.0,0.0,5796.9,0.00028750999097218634,0.0003450119891666236
eia860_3704_49013,3704,49047,0.8008527156447867,537.1920201088167,0.0014908127553394433,0.0,5796.9,0.00028750999097218634,0.00023025315704508351
eia860_4162_56023,4162,56023,191.46634333636456,276.24625644134585,0.6931002280460505,0.0,5796.9,0.00028750999097218634,0.055048486644115706
eia860_4176_56025,4176,56025,5.239413377606722,1330.5325774155408,0.003937831712308681,0.0,5796.9,0.00028750999097218634,0.001506383692895261
eia860_467_08019,467,08013,9.681188347765763,4742.997819009426,0.002041153868754609,0.0,5796.9,0.00028750999097218634,0.0027834383744661704
eia860_467_08019,467,08019,300.0,1062.0614059342763,0.28246954302618255,0.0,5796.9,0.00028750999097218634,0.0862529972916559
eia860_467_08019,467,08047,300.0,1666.264788251366,0.18004341333698232,0.0,5796.9,0.00028750999097218634,0.0862529972916559
eia860_467_08019,467,08049,126.3037395064869,244.48626303739508,0.5166087367745822,0.0,5796.9,0.00028750999097218634,0.03631358700526342
eia860_467_08019,467,08059,98.84933501987089,3231.9013993314816,0.03058550457025634,0.0,5796.9,0.00028750999097218634,0.028420171419169703
eia860_467_08019,467,08093,180.21821901460476,374.3606126044212,0.48140272493099445,0.0,5796.9,0.00028750999097218634,0.05181453852191251
eia860_467_08019,467,08117,300.0,354.80642868680343,0.8455314665812258,0.0,5796.9,0.00028750999097218634,0.0862529972916559
eia860_469_08001,469,08001,995.6984540968068,5366.249295682584,0.18554830370961262,0.0,5796.9,0.00028750999097218634,0.28627325354839284
eia860_469_08001,469,08005,996.076931422119,3027.2137635552135,0.32904083068527956,0.0,5796.9,0.00028750999097218634,0.2863820695607765
eia860_469_08001,469,08013,980.7851176603035,4742.997819009426,0.20678590947890005,0.0,5796.9,0.00028750999097218634,0.28198552032416857
eia860_469_08001,469,08014,1006.4000000000001,5507.2504489762805,0.18274091750940355,0.0,5796.9,0.00028750999097218634,0.28935005491440835
eia860_469_08001,469,08019,206.13914708071894,1062.0614059342763,0.19409343558565906,0.0,5796.9,0.00028750999097218634,0.05926706431619169
eia860_469_08001,469,08031,1006.4,3743.57475815982,0.268833952843165,0.0,5796.9,0.00028750999097218634,0.28935005491440835
eia860_469_08001,469,08035,987.1970396338495,2170.147248429024,0.4548986435590877,0.0,5796.9,0.00028750999097218634,0.28382901195289717
eia860_469_08001,469,08047,667.3243169398908,1666.264788251366,0.4004911594154271,0.0,5796.9,0.00028750999097218634,0.1918624083389084
eia860_469_08001,469,08059,999.9429623583455,3231.9013993314816,0.3093977318012188,0.0,5796.9,0.00028750999097218634,0.2874935920803492
eia860_469_08001,469,08123,301.2531822224111,4099.91617562699,0.07347788816105277,0.0,5796.9,0.00028750999097218634,0.08661329970110783
eia860_471_08077,471,08045,3.104907348864355,69.7505893033737,0.04451442460736567,0.0,5796.9,0.00028750999097218634,0.0008926918838414658
eia860_471_08077,471,08077,26.024490972324525,59.17512985890055,0.43978764447798124,0.0,5796.9,0.00028750999097218634,0.007482301164508769
eia860_474_08015,474,08015,0.6,98.41486403598446,0.006096640033771887,0.0,5796.9,0.00028750999097218634,0.0001725059945833118
eia860_474_08015,474,08043,0.09394889103182257,1061.2040621986498,8.853046683328281e-05,0.0,5796.9,0.00028750999097218634,2.7011244812406224e-05
eia860_474_08015,474,08051,0.09180867316958513,86.61769890703961,0.0010599297179219296,0.0,5796.9,0.00028750999097218634,2.6395910794155828e-05
eia860_474_08015,474,08109,0.3153393244499535,72.18788348311125,0.004368313756196064,0.0,5796.9,0.00028750999097218634,9.066320632578146e-05
eia860_476_08045,476,08037,7.017056603773586,46.15302964959569,0.1520389161242215,0.0,5796.9,0.00028750999097218634,0.002017473880802264
eia860_476_08045,476,08045,12.719147901366664,69.7505893033737,0.18235183427692508,0.0,5796.9,0.00028750999097218634,0.0036568820982958326
eia860_476_08045,476,08097,3.028779220779221,130.6077748917749,0.023189884547753364,0.0,5796.9,0.00028750999097218634,0.0008708042864229794
eia860_50205_08067,50205,08007,0.7017099711303575,8.967828854837515,0.07824747578136866,0.0,5796.9,0.00028750999097218634,0.00020174862746478222
eia860_50205_08067,50205,08067,6.1,67.52366611292713,0.09033869680295957,0.0,5796.9,0.00028750999097218634,0.0017538109449303366
eia860_50205_08067,50205,35045,2.573,1618.2358770491803,0.001590003062280273,0.0,5796.9,0.00028750999097218634,0.0007397632067714354
eia860_505_56013,505,56013,6.628216841784681,17.12832343535861,0.3869740588913575,0.0,5796.9,0.00028750999097218634,0.0019056785643432072
eia860_505_56013,505,56017,15.0,15.0,1.0,0.0,5796.9,0.00028750999097218634,0.004312649864582795
eia860_50707_08123,50707,08001,392.6795672009366,5366.249295682584,0.07317579664382477,0.0,5796.9,0.00028750999097218634,0.11289929882090333
eia860_50707_08123,50707,08005,162.34102892033502,3027.2137635552135,0.053627210233637035,0.0,5796.9,0.00028750999097218634,0.046674667759300965
eia860_50707_08123,50707,08013,387.00823439563317,4742.997819009426,0.08159570152964138,0.0,5796.9,0.00028750999097218634,0.11126873397725026
eia860_50707_08123,50707,08014,396.9,5507.2504489762805,0.07206863092158412,0.0,5796.9,0.00028750999097218634,0.11411271541686074
eia860_50707_08123,50707,08031,317.8768079628587,3743.57475815982,0.0849126379191405,0.0,5796.9,0.00028750999097218634,0.09139275818766893
eia860_50707_08123,50707,08059,178.93995592683925,3231.9013993314816,0.05536677448261663,0.0,5796.9,0.00028750999097218634,0.051447025113088976
eia860_50707_08123,50707,08069,142.5331369673561,2758.2437802444883,0.051675322532485544,0.0,5796.9,0.00028750999097218634,0.040979700922721955
eia860_50707_08123,50707,08123,383.33072804586743,4099.91617562699,0.09349721107096676,0.0,5796.9,0.00028750999097218634,0.11021141415982896
eia860_50931_30111,50931,30111,68.0,364.2662296706218,0.18667665147408044,0.0,5796.9,0.00028750999097218634,0.01955067938610867
eia860_50951_49007,50951,49007,46.681684531419016,1039.9464401612743,0.04488854687956781,0.0,5796.9,0.00028750999097218634,0.013421450698194733
eia860_50951_49007,50951,49015,23.96082036775106,2694.254253384522,0.008893303346427487,0.0,5796.9,0.00028750999097218634,0.006888975247618286
eia860_512_08051,512,08029,7.2200943123857195,181.93802970519357,0.03968436024114873,0.0,5796.9,0.00028750999097218634,0.002075849250572352
eia860_512_08051,512,08051,50.201151721706424,86.61769890703961,0.5795715235472096,0.0,5796.9,0.00028750999097218634,0.01443333267830117
eia860_512_08051,512,08085,67.70081498260282,352.8619456833944,0.19186204636344498,0.0,5796.9,0.00028750999097218634,0.019464660704457796
eia860_514_08085,514,08029,46.31001186924581,181.93802970519357,0.25453728362500705,0.0,5796.9,0.00028750999097218634,0.013314591094448706
eia860_514_08085,514,08051,30.990363144905395,86.61769890703961,0.3577832652673568,0.0,5796.9,0.00028750999097218634,0.008910039028016526
eia860_514_08085,514,08085,153.644574177428,352.8619456833944,0.43542404063963785,0.0,5796.9,0.00028750999097218634,0.04417435013467774
eia860_514_08085,514,08091,173.2,232.28476499189625,0.7456365035651066,0.0,5796.9,0.00028750999097218634,0.04979673043638267
eia860_516_08117,516,08037,15.20941599281222,46.15302964959569,0.32954317643469067,0.0,5796.9,0.00028750999097218634,0.004372859054785668
eia860_516_08117,516,08049,14.554311879928772,244.48626303739508,0.059530182592314546,0.0,5796.9,0.00028750999097218634,0.004184510077204706
eia860_516_08117,516,08107,2.3900737652341246,717.4022049390636,0.0033315673534027378,0.0,5796.9,0.00028750999097218634,0.0006871700866653226
eia860_516_08117,516,08117,19.31500565336779,354.80642868680343,0.05443815019038912,0.0,5796.9,0.00028750999097218634,0.005553257101027501
eia860_525_08107,525,08081,418.3746221281741,1835.6703446191052,0.22791380999020566,0.0,5796.9,0.00028750999097218634,0.1202868838310632
eia860_525_08107,525,08107,422.6176796023091,717.4022049390636,0.589094481021572,0.0,5796.9,0.00028750999097218634,0.12150680524714623
eia860_54006_30007,54006,30007,9.7,71.3,0.13604488078541374,0.0,5796.9,0.00028750999097218634,0.002788846912430207
eia860_54006_30007,54006,30031,3.432544596231775,18.925105902995362,0.1813751856304535,0.0,5796.9,0.00028750999097218634,0.0009868908658742246
eia860_54630_08037,54630,08037,5.834982929020666,46.15302964959569,0.12642686673705247,0.0,5796.9,0.00028750999097218634,0.001677615889245593
eia860_54630_08037,54630,08045,3.5788661381580016,69.7505893033737,0.05130947528761451,0.0,5796.9,0.00028750999097218634,0.0010289597710724705
eia860_54630_08037,54630,08097,1.3461240981240983,130.6077748917749,0.010306615354557052,0.0,5796.9,0.00028750999097218634,0.00038702412729910195
eia860_54668_16043,54668,16043,9.0,31.5,0.2857142857142857,0.0,5796.9,0.00028750999097218634,0.002587589918749677
eia860_54668_16043,54668,16081,3.2255092143549953,263.09671839637895,0.012259785047928552,0.0,5796.9,0.00028750999097218634,0.0009273661250999085
eia860_54668_16043,54668,56039,1.0570547417116423,132.91524029812388,0.00795284829144279,0.0,5796.9,0.00028750999097218634,0.00030391379924662104
eia860_54729_08103,54729,08103,0.9276301643372753,297.94513899554596,0.0031134260738892023,0.0,5796.9,0.00028750999097218634,0.00026670294017413777
eia860_55127_08087,55127,08087,300.0,1191.8998037527972,0.25169900947665624,0.0,5796.9,0.00028750999097218634,0.0862529972916559
eia860_55127_08087,55127,08121,168.27901183309115,616.7379281710608,0.2728533533394376,0.0,5796.9,0.00028750999097218634,0.048381897172940475
eia860_55200_08031,55200,08001,191.937102637898,5366.249295682584,0.03576745918090705,0.0,5796.9,0.00028750999097218634,0.05518383464664965
eia860_55200_08031,55200,08005,192.01006030990766,3027.2137635552135,0.06342798206771089,0.0,5796.9,0.00028750999097218634,0.05520481070627051
eia860_55200_08031,55200,08013,121.99419457308205,4742.997819009426,0.025720904632117354,0.0,5796.9,0.00028750999097218634,0.03507454978036596
eia860_55200_08031,55200,08014,194.0,5507.2504489762805,0.03522628974247246,0.0,5796.9,0.00028750999097218634,0.05577693824860415
eia860_55200_08031,55200,08019,139.42911836647878,1062.0614059342763,0.1312815978317426,0.0,5796.9,0.00028750999097218634,0.040087264562806216
eia860_55200_08031,55200,08031,194.0,3743.57475815982,0.051822125249974184,0.0,5796.9,0.00028750999097218634,0.05577693824860415
eia860_55200_08031,55200,08035,194.0,2170.147248429024,0.08939485564421362,0.0,5796.9,0.00028750999097218634,0.05577693824860415
eia860_55200_08031,55200,08047,128.63763661202185,1666.264788251366,0.07720119726410259,0.0,5796.9,0.00028750999097218634,0.03698460574100579
eia860_55200_08031,55200,08059,194.0,3231.9013993314816,0.06002658374420979,0.0,5796.9,0.00028750999097218634,0.05577693824860415
eia860_55200_08031,55200,08093,55.81758254247883,374.3606126044212,0.14910110909947696,0.0,5796.9,0.00028750999097218634,0.016048112652877356
eia860_55200_08031,55200,08123,30.19541628853526,4099.91617562699,0.007364886255001922,0.0,5796.9,0.00028750999097218634,0.008681483864518181
eia860_55207_08013,55207,08001,137.8687899044312,5366.249295682584,0.02569183470759615,0.0,5796.9,0.00028750999097218634,0.039638654540769265
eia860_55207_08013,55207,08005,53.4477907504435,3027.2137635552135,0.017655770264361336,0.0,5796.9,0.00028750999097218634,0.015366773836143316
eia860_55207_08013,55207,08013,142.2,4742.997819009426,0.029981038454219323,0.0,5796.9,0.00028750999097218634,0.040883920716244894
eia860_55207_08013,55207,08014,142.2,5507.2504489762805,0.0258205072236061,0.0,5796.9,0.00028750999097218634,0.040883920716244894
eia860_55207_08013,55207,08019,58.963926406466015,1062.0614059342763,0.05551837782354638,0.0,5796.9,0.00028750999097218634,0.016952717948807705
eia860_55207_08013,55207,08031,139.8267324141812,3743.57475815982,0.03735112598176456,0.0,5796.9,0.00028750999097218634,0.040201582574071554
eia860_55207_08013,55207,08047,142.2,1666.264788251366,0.08534057792172961,0.0,5796.9,0.00028750999097218634,0.040883920716244894
eia860_55207_08013,55207,08049,15.464385652505722,244.48626303739508,0.06325257484973865,0.0,5796.9,0.00028750999097218634,0.004446165379342329
eia860_55207_08013,55207,08059,129.61872401814696,3231.9013993314816,0.04010602676336555,0.0,5796.9,0.00028750999097218634,0.03726667817228375
eia860_55207_08013,55207,08069,45.03463628698558,2758.2437802444883,0.01632728644565048,0.0,5796.9,0.00028750999097218634,0.01294790787230692
eia860_55207_08013,55207,08123,54.62384913998501,4099.91617562699,0.013323162425785821,0.0,5796.9,0.00028750999097218634,0.01570490237310316
eia860_55505_08001,55505,08001,152.5603156018756,5366.249295682584,0.0284295989984323,0.0,5796.9,0.00028750999097218634,0.043862614961409155
eia860_55505_08001,55505,08005,151.93454625465847,3027.2137635552135,0.05018956642038514,0.0,5796.9,0.00028750999097218634,0.04368270002204008
eia860_55505_08001,55505,08013,118.84910880002919,4742.997819009426,0.025057803805790237,0.0,5796.9,0.00028750999097218634,0.03417030619814878
eia860_55505_08001,55505,08014,154.2,5507.2504489762805,0.027999452980872436,0.0,5796.9,0.00028750999097218634,0.04433404060791113
eia860_55505_08001,55505,08031,154.2,3743.57475815982,0.041190575843020716,0.0,5796.9,0.00028750999097218634,0.04433404060791113
eia860_55505_08001,55505,08035,83.66157996941106,2170.147248429024,0.03855110754810483,0.0,5796.9,0.00028750999097218634,0.02405354010172422
eia860_55505_08001,55505,08059,108.32086261909159,3231.9013993314816,0.03351614088273168,0.0,5796.9,0.00028750999097218634,0.031143330233714458
eia860_55505_08001,55505,08123,74.32813388735275,4099.91617562699,0.018129183793857917,0.0,5796.9,0.00028750999097218634,0.021370081102932245
eia860_55645_08001,55645,08001,393.5699970585352,5366.249295682584,0.07334172815548878,0.0,5796.9,0.00028750999097218634,0.11315530630122286
eia860_55645_08001,55645,08005,393.71959789320243,3027.2137635552135,0.1300600580749247,0.0,5796.9,0.00028750999097218634,0.11319831803584747
eia860_55645_08001,55645,08013,97.67135137437701,4742.997819009426,0.020592746423563745,0.0,5796.9,0.00028750999097218634,0.028081489351888374
eia860_55645_08001,55645,08014,397.8,5507.2504489762805,0.0722320518533791,0.0,5796.9,0.00028750999097218634,0.11437147440873573
eia860_55645_08001,55645,08031,397.8,3743.57475815982,0.10626206919814295,0.0,5796.9,0.00028750999097218634,0.11437147440873573
eia860_55645_08001,55645,08035,390.20964066608235,2170.147248429024,0.1798079097851799,0.0,5796.9,0.00028750999097218634,0.11218917026516541
eia860_55645_08001,55645,08059,367.73491426096354,3231.9013993314816,0.1137828382812141,0.0,5796.9,0.00028750999097218634,0.10572746187932734
eia860_55645_08001,55645,08123,81.45898303644327,4099.91617562699,0.019868450852897245,0.0,5796.9,0.00028750999097218634,0.023420271477411284
eia860_55650_08059,55650,08001,111.5952890421783,5366.249295682584,0.020795770545353212,0.0,5796.9,0.00028750999097218634,0.032084760545055206
eia860_55650_08059,55650,08005,101.88813253205349,3027.2137635552135,0.03365739603812922,0.0,5796.9,0.00028750999097218634,0.029293856064463625
eia860_55650_08059,55650,08013,114.0,4742.997819009426,0.024035431672158953,0.0,5796.9,0.00028750999097218634,0.03277613897082924
eia860_55650_08059,55650,08014,114.0,5507.2504489762805,0.02069998469403021,0.0,5796.9,0.00028750999097218634,0.03277613897082924
eia860_55650_08059,55650,08019,114.0,1062.0614059342763,0.10733842634994938,0.0,5796.9,0.00028750999097218634,0.03277613897082924
eia860_55650_08059,55650,08031,114.0,3743.57475815982,0.0304521766932838,0.0,5796.9,0.00028750999097218634,0.03277613897082924
eia860_55650_08059,55650,08035,84.77726796239969,2170.147248429024,0.03906521459489452,0.0,5796.9,0.00028750999097218634,0.024374311546516158
eia860_55650_08059,55650,08047,114.0,1666.264788251366,0.06841649706805328,0.0,5796.9,0.00028750999097218634,0.03277613897082924
eia860_55650_08059,55650,08049,12.397608750953955,244.48626303739508,0.050708815280381195,0.0,5796.9,0.00028750999097218634,0.00356443638006347
eia860_55650_08059,55650,08059,113.26857880450257,3231.9013993314816,0.035047040366990204,0.0,5796.9,0.00028750999097218634,0.03256584806951491
eia860_55650_08059,55650,08093,32.80002273114736,374.3606126044212,0.08761611565639368,0.0,5796.9,0.00028750999097218634,0.009430334239319684
eia860_55650_08059,55650,08123,31.569188183482005,4099.91617562699,0.0076999594214031,0.0,5796.9,0.00028750999097218634,0.009076457009632163
eia860_55749_30003,55749,30003,69.03109243697479,147.4375859434683,0.4682055257161037,0.0,5796.9,0.00028750999097218634,0.01984712876335478
eia860_55749_30003,55749,30111,5.596132282931781,364.2662296706218,0.015362753467407444,0.0,5796.9,0.00028750999097218634,0.001608943942144877
eia860_55835_08123,55835,08001,677.8149949341439,5366.249295682584,0.126310754045564,0.0,5796.9,0.00028750999097218634,0.19487858307432823
eia860_55835_08123,55835,08005,188.0271334992734,3027.2137635552135,0.06211227491198078,0.0,5796.9,0.00028750999097218634,0.05405967945490217
eia860_55835_08123,55835,08013,376.86149097237853,4742.997819009426,0.07945639136960134,0.0,5796.9,0.00028750999097218634,0.10835144386723324
eia860_55835_08123,55835,08014,666.3571700970979,5507.2504489762805,0.12099634405058957,0.0,5796.9,0.00028750999097218634,0.19158434395886825
eia860_55835_08123,55835,08031,243.9545872256612,3743.57475815982,0.06516621223976271,0.0,5796.9,0.00028750999097218634,0.07013938117087329
eia860_55835_08123,55835,08059,67.00252014267693,3231.9013993314816,0.020731610239265466,0.0,5796.9,0.00028750999097218634,0.019263893961334776
eia860_55835_08123,55835,08069,51.87392970339182,2758.2437802444883,0.018806869093635284,0.0,5796.9,0.00028750999097218634,0.014914273060714012
eia860_55835_08123,55835,08087,82.57996557066619,1191.8998037527972,0.06928431845584351,0.0,5796.9,0.00028750999097218634,0.023742565155705695
eia860_55835_08123,55835,08123,622.2066509647283,4099.91617562699,0.15176082249281006,0.0,5796.9,0.00028750999097218634,0.17889062860170332
eia860_55866_30093,55866,30023,54.9,260.0,0.21115384615384614,0.0,5796.9,0.00028750999097218634,0.015784298504373028
eia860_55866_30093,55866,30043,36.02295282327059,65.92582905565061,0.5464163794263731,0.0,5796.9,0.00028750999097218634,0.010356958841010023
eia860_55866_30093,55866,30057,18.676801647220316,48.59585907115077,0.38432907667863236,0.0,5796.9,0.00028750999097218634,0.005369767072981628
eia860_55866_30093,55866,30093,54.9,258.0,0.2127906976744186,0.0,5796.9,0.00028750999097218634,0.015784298504373028
eia860_56093_56041,56093,56041,144.0,301.05250170349456,0.4783218846718804,0.0,5796.9,0.00028750999097218634,0.04140143869999483
eia860_56106_31105,56106,31007,30.0,53.5,0.5607476635514018,0.0,5796.9,0.00028750999097218634,0.00862529972916559
eia860_56106_31105,56106,31105,30.0,1304.0,0.023006134969325152,0.0,5796.9,0.00028750999097218634,0.00862529972916559
eia860_56106_31105,56106,56021,1.9525300051836199,1388.8975088719646,0.0014058128787122863,0.0,5796.9,0.00028750999097218634,0.0005613718841632655
eia860_56148_46117,56148,46065,6.0,868.4405807073069,0.006908935548720284,0.0,5796.9,0.00028750999097218634,0.0017250599458331181
eia860_56148_46117,56148,46117,6.0,793.1,0.007565250283696885,0.0,5796.9,0.00028750999097218634,0.0017250599458331181
eia860_56312_56023,56312,56023,38.98635950287966,276.24625644134585,0.14112900571073425,0.0,5796.9,0.00028750999097218634,0.011208967868711341
eia860_56312_56023,56312,56037,9.797571235057868,1731.8758525630362,0.005657201825730322,0.0,5796.9,0.00028750999097218634,0.0028168996173408402
eia860_56371_08123,56371,08123,5.284522765281315,4099.91617562699,0.0012889343437547638,0.0,5796.9,0.00028750999097218634,0.001519353092538344
eia860_56371_08123,56371,31105,300.5,1304.0,0.23044478527607362,0.0,5796.9,0.00028750999097218634,0.086396752287142
eia860_56371_08123,56371,56021,13.773465847920571,1388.8975088719646,0.009916833862785966,0.0,5796.9,0.00028750999097218634,0.00396000904159136
eia860_56377_30107,56377,30037,135.0,159.8,0.8448060075093867,0.0,5796.9,0.00028750999097218634,0.03881384878124516
eia860_56377_30107,56377,30107,135.0,182.4,0.7401315789473684,0.0,5796.9,0.00028750999097218634,0.03881384878124516
eia860_56445_08123,56445,08001,415.5339335459647,5366.249295682584,0.07743470544320082,0.0,5796.9,0.00028750999097218634,0.11947015748243739
eia860_56445_08123,56445,08005,182.02034370688193,3027.2137635552135,0.060128011407134335,0.0,5796.9,0.00028750999097218634,0.05233266737591988
eia860_56445_08123,56445,08013,414.17394373482466,4742.997819009426,0.08732324144760513,0.0,5796.9,0.00028750999097218634,0.11907914682411425
eia860_56445_08123,56445,08014,420.0,5507.2504489762805,0.07626310150432182,0.0,5796.9,0.00028750999097218634,0.12075419620831826
eia860_56445_08123,56445,08031,393.6229600450197,3743.57475815982,0.10514628008617832,0.0,5796.9,0.00028750999097218634,0.11317053368898887
eia860_56445_08123,56445,08059,273.68480269753974,3231.9013993314816,0.08468228726103816,0.0,5796.9,0.00028750999097218634,0.07868711515279425
eia860_56445_08123,56445,08069,190.79126120385237,2758.2437802444883,0.06917128303537434,0.0,5796.9,0.00028750999097218634,0.054854393786291644
eia860_56445_08123,56445,08123,405.64098205911904,4099.91617562699,0.09893884769414472,0.0,5796.9,0.00028750999097218634,0.11662583508976611
eia860_56516_08059,56516,08001,115.119350801405,5366.249295682584,0.021452479088890686,0.0,5796.9,0.00028750999097218634,0.033097963509635904
eia860_56516_08059,56516,08005,105.1056525067499,3027.2137635552135,0.0347202611761754,0.0,5796.9,0.00028750999097218634,0.03021892520334142
eia860_56516_08059,56516,08013,117.6,4742.997819009426,0.02479444530391134,0.0,5796.9,0.00028750999097218634,0.03381117493832911
eia860_56516_08059,56516,08014,117.60000000000002,5507.2504489762805,0.021353668421210115,0.0,5796.9,0.00028750999097218634,0.03381117493832912
eia860_56516_08059,56516,08019,117.60000000000001,1062.0614059342763,0.11072806086626356,0.0,5796.9,0.00028750999097218634,0.033811174938329115
eia860_56516_08059,56516,08031,117.6,3743.57475815982,0.03141382437833486,0.0,5796.9,0.00028750999097218634,0.03381117493832911
eia860_56516_08059,56516,08035,87.45444484542284,2170.147248429024,0.04029885295052277,0.0,5796.9,0.00028750999097218634,0.02514402664798509
eia860_56516_08059,56516,08047,117.60000000000002,1666.264788251366,0.07057701802809707,0.0,5796.9,0.00028750999097218634,0.03381117493832912
eia860_56516_08059,56516,08049,12.78911218519461,244.48626303739508,0.052310146289235346,0.0,5796.9,0.00028750999097218634,0.0036769975289075805
eia860_56516_08059,56516,08059,116.84548129306577,3231.9013993314816,0.03615378901015831,0.0,5796.9,0.00028750999097218634,0.03359424327171011
eia860_56516_08059,56516,08093,33.835812922657276,374.3606126044212,0.09038294036133243,0.0,5796.9,0.00028750999097218634,0.009728134267929778
eia860_56516_08059,56516,08123,32.566109915591966,4099.91617562699,0.007943116034710566,0.0,5796.9,0.00028750999097218634,0.009363081967831074
eia860_56530_08005,56530,08001,3.165972827016874,5366.249295682584,0.0005899787081386729,0.0,5796.9,0.00028750999097218634,0.0009102488189138087
eia860_56530_08005,56530,08005,3.16717625253456,3027.2137635552135,0.001046234755756056,0.0,5796.9,0.00028750999097218634,0.0009105948157735343
eia860_56530_08005,56530,08013,0.28707288427483896,4742.997819009426,6.052562013085514e-05,0.0,5796.9,0.00028750999097218634,8.253632236621845e-05
eia860_56530_08005,56530,08014,3.2,5507.2504489762805,0.0005810522019376901,0.0,5796.9,0.00028750999097218634,0.0009200319711109963
eia860_56530_08005,56530,08031,3.2,3743.57475815982,0.0008547979422676155,0.0,5796.9,0.00028750999097218634,0.0009200319711109963
eia860_56530_08005,56530,08035,3.138941302492367,2170.147248429024,0.0014464185804740467,0.0,5796.9,0.00028750999097218634,0.0009024769855418033
eia860_56530_08005,56530,08059,3.025733963081394,3231.9013993314816,0.0009362086243433252,0.0,5796.9,0.00028750999097218634,0.0008699287444097691
eia860_56530_08005,56530,08123,0.2598007108364621,4099.91617562699,6.336732257623083e-05,0.0,5796.9,0.00028750999097218634,7.469530002715881e-05
eia860_56563_08075,56563,08075,173.09916909210403,918.9472866397522,0.1883668101628149,0.0,5796.9,0.00028750999097218634,0.04976774054296379
eia860_56563_08075,56563,31033,199.5,767.6528612077141,0.25988309310296265,0.0,5796.9,0.00028750999097218634,0.05735824319895117
eia860_56563_08075,56563,31105,199.5,1304.0,0.15299079754601227,0.0,5796.9,0.00028750999097218634,0.05735824319895117
eia860_56596_56005,56596,56005,107.50863264827026,1237.1280683782572,0.08690178114639546,0.0,5796.9,0.00028750999097218634,0.030909806002136282
eia860_56609_56005,56609,56005,448.7982841411102,1237.1280683782572,0.36277431222576395,0.0,5796.9,0.00028750999097218634,0.1290339906217433
eia860_56613_08075,56613,08075,201.0,918.9472866397522,0.21872854180241622,0.0,5796.9,0.00028750999097218634,0.057789508185409455
eia860_56613_08075,56613,31033,201.0,767.6528612077141,0.2618371013217819,0.0,5796.9,0.00028750999097218634,0.057789508185409455
eia860_56613_08075,56613,31105,201.0,1304.0,0.15414110429447853,0.0,5796.9,0.00028750999097218634,0.057789508185409455
eia860_56782_30025,56782,30025,30.0,30.0,1.0,0.0,5796.9,0.00028750999097218634,0.00862529972916559
eia860_56841_56009,56841,56009,165.60000000000002,2329.3720955641343,0.07109211976710596,0.0,5796.9,0.00028750999097218634,0.047611654504994064
eia860_56841_56009,56841,56025,127.07539053656326,1330.5325774155408,0.09550716208948272,0.0,5796.9,0.00028750999097218634,0.03653544438595436
eia860_56842_56009,56842,56009,76.07256173064316,2329.3720955641343,0.032657969018994225,0.0,5796.9,0.00028750999097218634,0.021871621536408304
eia860_56842_56009,56842,56025,88.86068975926344,1330.5325774155408,0.06678580537416726,0.0,5796.9,0.00028750999097218634,0.02554833611046808
eia860_56843_56007,56843,56007,14.711068519405844,214.61845437743855,0.0685452169622573,0.0,5796.9,0.00028750999097218634,0.0042295791772055885
eia860_56908_30023,56908,30023,203.10000000000002,260.0,0.7811538461538462,0.0,5796.9,0.00028750999097218634,0.058393279166451054
eia860_56908_30023,56908,30039,119.3996437054632,121.3996437054632,0.9835254870693662,0.0,5796.9,0.00028750999097218634,0.03432859048383999
eia860_56908_30023,56908,30077,163.10688768219495,164.7130608745356,0.9902486591906388,0.0,5796.9,0.00028750999097218634,0.04689485980500928
eia860_56908_30023,56908,30093,203.10000000000005,258.0,0.7872093023255816,0.0,5796.9,0.00028750999097218634,0.05839327916645106
eia860_57040_56001,57040,56001,8.294014656895403,446.80973750832777,0.01856274373774322,0.0,5796.9,0.00028750999097218634,0.0023846120791271783
eia860_57040_56001,57040,56007,12.28605654048874,214.61845437743855,0.057246039610749776,0.0,5796.9,0.00028750999097218634,0.003532364005039689
eia860_57210_08123,57210,08075,26.33131630832786,918.9472866397522,0.028653783183376788,0.0,5796.9,0.00028750999097218634,0.007570516514093126
eia860_57210_08123,57210,08123,4.366545765788188,4099.91617562699,0.0010650329369527715,0.0,5796.9,0.00028750999097218634,0.0012554255337014005
eia860_57210_08123,57210,31105,248.3,1304.0,0.19041411042944786,0.0,5796.9,0.00028750999097218634,0.07138873075839387
eia860_57211_16019,57211,16011,75.33708384710235,472.4971023427867,0.1594445415084194,0.0,5796.9,0.00028750999097218634,0.02166016429675124
eia860_57211_16019,57211,16019,124.5,560.2,0.22224205640842554,0.0,5796.9,0.00028750999097218634,0.0357949938760372
eia860_57244_08063,57244,08063,51.0,695.6263957948571,0.07331521677196404,0.0,5796.9,0.00028750999097218634,0.014663009539581504
eia860_57290_08075,57290,08075,95.92145807905361,918.9472866397522,0.10438189379698007,0.0,5796.9,0.00028750999097218634,0.027578377546347652
eia860_57290_08075,57290,08115,174.3,271.5,0.6419889502762431,0.0,5796.9,0.00028750999097218634,0.050112991426452085
eia860_57290_08075,57290,31033,174.29999999999998,767.6528612077141,0.2270557550267989,0.0,5796.9,0.00028750999097218634,0.05011299142645207
eia860_57290_08075,57290,31049,174.3,175.4,0.9937286202964652,0.0,5796.9,0.00028750999097218634,0.050112991426452085
eia860_57299_56007,57299,56007,13.030666027791087,214.61845437743855,0.06071549655685581,0.0,5796.9,0.00028750999097218634,0.0037464466720117905
eia860_57327_56009,57327,56009,200.0,2329.3720955641343,0.08586004802790574,0.0,5796.9,0.00028750999097218634,0.05750199819443727
eia860_57327_56009,57327,56025,149.7170024903781,1330.5325774155408,0.11252411630626293,0.0,5796.9,0.00028750999097218634,0.043045134034391405
eia860_57703_56021,57703,08069,0.8559033623383598,2758.2437802444883,0.00031030736603799875,0.0,5796.9,0.00028750999097218634,0.00024608076797896577
eia860_57703_56021,57703,56021,140.0,1388.8975088719646,0.10079937439999101,0.0,5796.9,0.00028750999097218634,0.04025139873610609
eia860_57748_30059,57748,30059,17.7,17.7,1.0,0.0,5796.9,0.00028750999097218634,0.005088926840207698
eia860_57748_30059,57748,30107,17.7,182.4,0.09703947368421052,0.0,5796.9,0.00028750999097218634,0.005088926840207698
eia860_57937_31157,57937,31007,7.1,53.5,0.13271028037383176,0.0,5796.9,0.00028750999097218634,0.0020413209359025227
eia860_57937_31157,57937,31157,7.099999999999999,15.5,0.45806451612903215,0.0,5796.9,0.00028750999097218634,0.0020413209359025227
eia860_57937_31157,57937,56015,2.464588627700127,8.184506035578146,0.3011285735494031,0.0,5796.9,0.00028750999097218634,0.0007085938541002166
eia860_58106_16019,58106,16011,72.43252157829839,472.4971023427867,0.1532972820767695,0.0,5796.9,0.00028750999097218634,0.020825073625069263
eia860_58106_16019,58106,16019,119.7,560.2,0.21367368796858263,0.0,5796.9,0.00028750999097218634,0.03441494591937071
eia860_58106_16019,58106,16081,42.89927255092144,263.09671839637895,0.16305514113744973,0.0,5796.9,0.00028750999097218634,0.012333969463828785
eia860_58218_30045,58218,30013,27.103938920701022,299.98882526461915,0.09034982852042148,0.0,5796.9,0.00028750999097218634,0.007792653234401441
eia860_58218_30045,58218,30045,40.0,120.0,0.3333333333333333,0.0,5796.9,0.00028750999097218634,0.011500399638887453
eia860_58392_30039,58392,30023,2.0,260.0,0.007692307692307693,0.0,5796.9,0.00028750999097218634,0.0005750199819443727
eia860_58392_30039,58392,30039,2.0,121.3996437054632,0.016474512930633883,0.0,5796.9,0.00028750999097218634,0.0005750199819443727
eia860_58392_30039,58392,30077,1.6061731923406688,164.7130608745356,0.009751340809361285,0.0,5796.9,0.00028750999097218634,0.00046179084002963337
eia860_58438_46081,58438,46019,2.9511042530620117,30.484617610184202,0.09680633986617948,0.0,5796.9,0.00028750999097218634,0.0008484719571558397
eia860_58438_46081,58438,46081,4.0,31.007332898222444,0.12900174333372955,0.0,5796.9,0.00028750999097218634,0.0011500399638887453
eia860_58438_46081,58438,46093,2.063396730063397,161.72766099432766,0.012758465171494487,0.0,5796.9,0.00028750999097218634,0.0005932471752325661
eia860_58438_46081,58438,56011,1.5679250482226508,1.5679250482226508,1.0,0.0,5796.9,0.00028750999097218634,0.00045079411645955914
eia860_6021_08081,6021,08081,1283.3511185006046,1835.6703446191052,0.6991185112634671,0.0,5796.9,0.00028750999097218634,0.3689762684942541
eia860_6021_08081,6021,08107,263.9549069916613,717.4022049390636,0.3679315524463459,0.0,5796.9,0.00028750999097218634,0.07588967292623681
eia860_6076_30087,6076,30087,1273.1170637785801,1391.7835138387486,0.9147378533512956,0.0,5796.9,0.00028750999097218634,0.36603387551351596
eia860_6101_56005,6101,56005,335.5937576029195,1237.1280683782572,0.27126840476818787,0.0,5796.9,0.00028750999097218634,0.09648655821873747
eia860_6112_08123,6112,08001,959.1666013007812,5366.249295682584,0.1787405967278633,0.0,5796.9,0.00028750999097218634,0.27576998088081023
eia860_6112_08123,6112,08013,1119.8764353826775,4742.997819009426,0.2361115223149235,0.0,5796.9,0.00028750999097218634,0.32197566382683784
eia860_6112_08123,6112,08014,1148.5,5507.2504489762805,0.20854326685169908,0.0,5796.9,0.00028750999097218634,0.330205224631556
eia860_6112_08123,6112,08031,4.571055852560495,3743.57475815982,0.0012210403552372036,0.0,5796.9,0.00028750999097218634,0.0013142242269030275
eia860_6112_08123,6112,08059,170.82691620749935,3231.9013993314816,0.05285647521388953,0.0,5796.9,0.00028750999097218634,0.04911444513662457
eia860_6112_08123,6112,08069,1067.4095969813252,2758.2437802444883,0.3869888530616793,0.0,5796.9,0.00028750999097218634,0.3068909235917259
eia860_6112_08123,6112,08123,1128.3027474345238,4099.91617562699,0.2752014185416792,0.0,5796.9,0.00028750999097218634,0.324398312728793
eia860_6165_49015,6165,49015,1472.2,2694.254253384522,0.5464220751069141,0.0,5796.9,0.00028750999097218634,0.42327220870925275
eia860_6204_56031,6204,56031,1863.0,1899.4058018101646,0.9808330574880474,0.0,5796.9,0.00028750999097218634,0.5356311131811832
eia860_6207_08113,6207,08067,0.25265527034992763,67.52366611292713,0.0037417291580019497,0.0,5796.9,0.00028750999097218634,7.2640914497383e-05
eia860_6207_08113,6207,08091,3.5999999999999996,232.28476499189625,0.015498218318905216,0.0,5796.9,0.00028750999097218634,0.0010350359674998707
eia860_6207_08113,6207,08111,3.6,14.0,0.2571428571428572,0.0,5796.9,0.00028750999097218634,0.001035035967499871
eia860_6207_08113,6207,08113,2.9073496659242766,33.25934174709231,0.08741452816571306,0.0,5796.9,0.00028750999097218634,0.0008358920762028777
eia860_6208_08065,6208,08015,92.46575342465754,98.41486403598446,0.9395506901360785,0.0,5796.9,0.00028750999097218634,0.026584827932359695
eia860_6208_08065,6208,08037,4.643306379155436,46.15302964959569,0.10060675137490378,0.0,5796.9,0.00028750999097218634,0.0013349969751520745
eia860_6208_08065,6208,08065,200.0,215.2225989463731,0.9292704436202534,0.0,5796.9,0.00028750999097218634,0.05750199819443727
eia860_6208_08065,6208,08093,48.33778484969029,374.3606126044212,0.12912091502737172,0.0,5796.9,0.00028750999097218634,0.01389759608574994
eia860_6208_08065,6208,08097,109.40259740259741,130.6077748917749,0.8376423034023153,0.0,5796.9,0.00028750999097218634,0.031454339791554514
eia860_6208_08065,6208,08117,23.828137619124536,354.80642868680343,0.06715813382332549,0.0,5796.9,0.00028750999097218634,0.0068508276317585095
eia860_6248_08087,6248,08087,552.3,1191.8998037527972,0.46337787644652406,0.0,5796.9,0.00028750999097218634,0.1587917680139385
eia860_6248_08087,6248,08121,309.80166078472075,616.7379281710608,0.5023230234979045,0.0,5796.9,0.00028750999097218634,0.08907107269538339
eia860_6400_30049,6400,30007,57.599999999999994,71.3,0.8078541374474053,0.0,5796.9,0.00028750999097218634,0.01656057547999793
eia860_6400_30049,6400,30043,19.805426546076752,65.92582905565061,0.30041983286032253,0.0,5796.9,0.00028750999097218634,0.005694258007462827
eia860_6400_30049,6400,30049,57.599999999999994,125.4,0.4593301435406698,0.0,5796.9,0.00028750999097218634,0.01656057547999793
eia860_6422_30057,6422,30031,11.730278648117975,18.925105902995362,0.6198263147505754,0.0,5796.9,0.00028750999097218634,0.003372572308221629
eia860_6422_30057,6422,30057,8.706520247083047,48.59585907115077,0.17916177249455656,0.0,5796.9,0.00028750999097218634,0.0025032115576380043
eia860_6761_08069,6761,08069,609.3689044225475,2758.2437802444883,0.22092641295416376,0.0,5796.9,0.00028750999097218634,0.1751996482092577
eia860_6761_08069,6761,08123,120.50785046331848,4099.91617562699,0.029392759583649175,0.0,5796.9,0.00028750999097218634,0.034647210998786274
eia860_6761_08069,6761,56021,630.0209816978349,1388.8975088719646,0.45361229152864246,0.0,5796.9,0.00028750999097218634,0.1811373267602325
eia860_7317_56029,7317,56029,15.97938282348216,123.24576611553651,0.12965461879235932,0.0,5796.9,0.00028750999097218634,0.004594232211320466
eia860_7373_08083,7373,08033,11.4,129.79999999999998,0.08782742681047767,0.0,5796.9,0.00028750999097218634,0.0032776138970829244
eia860_7373_08083,7373,08067,0.9811049782969831,67.52366611292713,0.014529794289548424,0.0,5796.9,0.00028750999097218634,0.0002820774834529327
eia860_7373_08083,7373,08083,11.4,134.16617568085923,0.08496925504619848,0.0,5796.9,0.00028750999097218634,0.0032776138970829244
eia860_7458_08097,7458,08037,4.538724168912848,46.15302964959569,0.09834076339889009,0.0,5796.9,0.00028750999097218634,0.001304928544829377
eia860_7458_08097,7458,08045,1.9332717280287923,69.7505893033737,0.027716923216522325,0.0,5796.9,0.00028750999097218634,0.0005558349370723411
eia860_7458_08097,7458,08065,5.0,215.2225989463731,0.023231761090506335,0.0,5796.9,0.00028750999097218634,0.0014375499548609316
eia860_7458_08097,7458,08097,5.0,130.6077748917749,0.03828256016261768,0.0,5796.9,0.00028750999097218634,0.0014375499548609316
eia860_7504_56005,7504,56005,120.48381245064772,1237.1280683782572,0.0973899271468225,0.0,5796.9,0.00028750999097218634,0.03464029982998032
eia860_7790_49047,7790,08103,206.49854093073262,297.94513899554596,0.6930757173179443,0.0,5796.9,0.00028750999097218634,0.05937039363876458
eia860_7790_49047,7790,49047,512.0,537.1920201088167,0.9531042547807884,0.0,5796.9,0.00028750999097218634,0.1472051153777594
eia860_785_31101,785,31101,50.0,845.9303866072503,0.05910651844596058,0.0,5796.9,0.00028750999097218634,0.014375499548609318
eia860_785_31101,785,31135,50.0,1412.6,0.03539572419651706,0.0,5796.9,0.00028750999097218634,0.014375499548609318
eia860_8028_56033,8028,56005,0.5560535245534285,1237.1280683782572,0.00044947127040966363,0.0,5796.9,0.00028750999097218634,0.00015987094382440863
eia860_8028_56033,8028,56033,1.5632217090069285,1.5632217090069285,1.0,0.0,5796.9,0.00028750999097218634,0.0004494418594441077
eia860_8067_08123,8067,08001,99.72814405103152,5366.249295682584,0.018584329306368195,0.0,5796.9,0.00028750999097218634,0.028672837795784972
eia860_8067_08123,8067,08005,42.83268011606639,3027.2137635552135,0.014149208962951772,0.0,5796.9,0.00028750999097218634,0.012314823473484794
eia860_8067_08123,8067,08013,98.2878055607957,4742.997819009426,0.020722717848797808,0.0,5796.9,0.00028750999097218634,0.028258726089460378
eia860_8067_08123,8067,08014,100.8,5507.2504489762805,0.018303144361037235,0.0,5796.9,0.00028750999097218634,0.02898100708999638
eia860_8067_08123,8067,08031,88.94295329206527,3743.57475815982,0.02375882920414438,0.0,5796.9,0.00028750999097218634,0.025571987698041275
eia860_8067_08123,8067,08059,50.59351465337684,3231.9013993314816,0.015654411568323867,0.0,5796.9,0.00028750999097218634,0.014546140941243553
eia860_8067_08123,8067,08069,37.46393034341321,2758.2437802444883,0.01358253052603365,0.0,5796.9,0.00028750999097218634,0.01077125427481735
eia860_8067_08123,8067,08123,97.35383569418856,4099.91617562699,0.023745323446594732,0.0,5796.9,0.00028750999097218634,0.027990200421543866
eia860_8069_49015,8069,49007,774.6819992132953,1039.9464401612743,0.744924901221988,0.0,5796.9,0.00028750999097218634,0.2227288146001298
eia860_8069_49015,8069,49015,711.0962315619317,2694.254253384522,0.26393063337235256,0.0,5796.9,0.00028750999097218634,0.20444727111672673
eia860_850_16019,850,16019,176.4,560.2,0.31488754016422704,0.0,5796.9,0.00028750999097218634,0.05071676240749367
eia860_850_16019,850,16081,176.40000000000003,263.09671839637895,0.6704758655873371,0.0,5796.9,0.00028750999097218634,0.050716762407493676
eia860_850_16019,850,56023,25.157987268869356,276.24625644134585,0.0910708713050417,0.0,5796.9,0.00028750999097218634,0.007233172692551007
eia860_850_16019,850,56039,130.98905165767155,132.91524029812388,0.985508143113371,0.0,5796.9,0.00028750999097218634,0.037660661059552396
flagship_dave_johnston_power_plant,4158,56009,816.7,2329.3720955641343,0.3506095061219531,0.0,5796.9,0.00028750999097218634,0.2348094096269846
flagship_dave_johnston_power_plant,4158,56025,611.369379669459,1330.5325774155408,0.4594922289366247,0.0,5796.9,0.00028750999097218634,0.17577480482943733
flagship_jim_bridger_power_plant,8066,56037,1576.2783336105897,1731.8758525630362,0.9101566554426088,0.0,5796.9,0.00028750999097218634,0.45319576946603357
