source_record_id,registry_facility_id,match_method,match_confidence,capacity_mw_source,capacity_mw_registry,capacity_delta_pct
eia_plant_467,eia860_467_08019,eia_plant_code,exact_id,300.0,300.0,0.0
eia_plant_469,eia860_469_08001,eia_plant_code,exact_id,1006.4000000000001,1006.4,1.1296386896027029e-14
eia_plant_471,eia860_471_08077,eia_plant_code,exact_id,26.6,26.6,0.0
eia_plant_474,eia860_474_08015,eia_plant_code,exact_id,0.6,0.6,0.0
eia_plant_476,eia860_476_08045,eia_plant_code,exact_id,14.4,14.4,0.0
eia_plant_505,eia860_505_56013,eia_plant_code,exact_id,15.0,15.0,0.0
eia_plant_512,eia860_512_08051,eia_plant_code,exact_id,86.4,86.4,0.0
eia_plant_514,eia860_514_08085,eia_plant_code,exact_id,173.2,173.2,0.0
eia_plant_516,eia860_516_08117,eia_plant_code,exact_id,26.0,26.0,0.0
eia_plant_525,eia860_525_08107,eia_plant_code,exact_id,465.4,465.4,0.0
eia_plant_785,eia860_785_31101,eia_plant_code,exact_id,50.0,50.0,0.0
eia_plant_850,eia860_850_16019,eia_plant_code,exact_id,176.4,176.4,0.0
eia_plant_2176,eia860_2176_30021,eia_plant_code,exact_id,83.7,83.7,0.0
eia_plant_2177,eia860_2177_30017,eia_plant_code,exact_id,23.3,23.3,0.0
eia_plant_2191,eia860_2191_30013,eia_plant_code,exact_id,63.0,63.0,0.0
eia_plant_2192,eia860_2192_30095,eia_plant_code,exact_id,12.0,12.0,0.0
eia_plant_2204,eia860_2204_30003,eia_plant_code,exact_id,278.20000000000005,278.2,2.0432573278507552e-14
eia_plant_2230,eia860_2230_31049,eia_plant_code,exact_id,1.1,1.1,0.0
eia_plant_3325,eia860_3325_46103,eia_plant_code,exact_id,110.0,110.0,0.0
eia_plant_3699,eia860_3699_49017,eia_plant_code,exact_id,4.199999999999999,4.2,-2.114710523095536e-14
eia_plant_3704,eia860_3704_49013,eia_plant_code,exact_id,1.2,1.2,0.0
eia_plant_4158,eia860_4158_56009,duplicate_registry_alias,unmatched,816.7,816.7,0.0
eia_plant_4162,eia860_4162_56023,eia_plant_code,exact_id,707.1999999999999,707.2,-1.607562750588462e-14
eia_plant_4176,eia860_4176_56025,eia_plant_code,exact_id,66.8,66.8,0.0
eia_plant_6021,eia860_6021_08081,eia_plant_code,exact_id,1427.6,1427.6,0.0
eia_plant_6076,eia860_6076_30087,eia_plant_code,exact_id,1647.4,1647.4,0.0
eia_plant_6101,eia860_6101_56005,eia_plant_code,exact_id,362.1,362.1,0.0
eia_plant_6112,eia860_6112_08123,eia_plant_code,exact_id,1148.5,1148.5,0.0
eia_plant_6165,eia860_6165_49015,eia_plant_code,exact_id,1472.2,1472.2,0.0
eia_plant_6204,eia860_6204_56031,eia_plant_code,exact_id,1863.0,1863.0,0.0
eia_plant_6207,eia860_6207_08113,eia_plant_code,exact_id,3.6,3.6,0.0
eia_plant_6208,eia860_6208_08065,eia_plant_code,exact_id,200.0,200.0,0.0
eia_plant_6248,eia860_6248_08087,eia_plant_code,exact_id,552.3,552.3,0.0
eia_plant_6400,eia860_6400_30049,eia_plant_code,exact_id,57.599999999999994,55.0,4.727272727272717
eia_plant_6422,eia860_6422_30057,eia_plant_code,exact_id,16.4,16.4,0.0
eia_plant_6623,eia860_6623_30055,eia_plant_code,exact_id,162.4,162.4,0.0
eia_plant_6761,eia860_6761_08069,eia_plant_code,exact_id,800.4,800.4,0.0
eia_plant_7317,eia860_7317_56029,eia_plant_code,exact_id,18.0,18.0,0.0
eia_plant_7373,eia860_7373_08083,eia_plant_code,exact_id,11.4,11.4,0.0
eia_plant_7458,eia860_7458_08097,eia_plant_code,exact_id,5.0,5.0,0.0
eia_plant_7504,eia860_7504_56005,eia_plant_code,exact_id,130.0,130.0,0.0
eia_plant_7790,eia860_7790_49047,eia_plant_code,exact_id,512.0,512.0,0.0
eia_plant_8028,eia860_8028_56033,eia_plant_code,exact_id,15.0,15.0,0.0
eia_plant_8066,eia860_8066_56037,duplicate_registry_alias,unmatched,2326.0,2326.0,0.0
eia_plant_8067,eia860_8067_08123,eia_plant_code,exact_id,100.8,100.8,0.0
eia_plant_8069,eia860_8069_49015,eia_plant_code,exact_id,1015.5,1015.5,0.0
eia_plant_10138,eia860_10138_30009,eia_plant_code,exact_id,2.0,2.0,0.0
eia_plant_10422,eia860_10422_08049,eia_plant_code,exact_id,3.5,3.5,0.0
eia_plant_10423,eia860_10423_08093,eia_plant_code,exact_id,5.5,5.5,0.0
eia_plant_10682,eia860_10682_08087,eia_plant_code,exact_id,211.6,211.6,0.0
eia_plant_50205,eia860_50205_08067,eia_plant_code,exact_id,6.1,6.1,0.0
eia_plant_50707,eia860_50707_08123,eia_plant_code,exact_id,396.9,396.9,0.0
eia_plant_50931,eia860_50931_30111,eia_plant_code,exact_id,68.0,68.0,0.0
eia_plant_50951,eia860_50951_49007,eia_plant_code,exact_id,58.1,58.1,0.0
eia_plant_54006,eia860_54006_30007,eia_plant_code,exact_id,9.7,9.7,0.0
eia_plant_54630,eia860_54630_08037,eia_plant_code,exact_id,6.4,6.4,0.0
eia_plant_54668,eia860_54668_16043,eia_plant_code,exact_id,9.0,9.0,0.0
eia_plant_54729,eia860_54729_08103,eia_plant_code,exact_id,2.3,2.3,0.0
eia_plant_55127,eia860_55127_08087,eia_plant_code,exact_id,300.0,300.0,0.0
eia_plant_55200,eia860_55200_08031,eia_plant_code,exact_id,194.0,194.0,0.0
eia_plant_55207,eia860_55207_08013,eia_plant_code,exact_id,142.2,142.2,0.0
eia_plant_55505,eia860_55505_08001,eia_plant_code,exact_id,154.2,154.2,0.0
eia_plant_55645,eia860_55645_08001,eia_plant_code,exact_id,397.8,397.8,0.0
eia_plant_55650,eia860_55650_08059,eia_plant_code,exact_id,114.0,114.0,0.0
eia_plant_55749,eia860_55749_30003,eia_plant_code,exact_id,115.7,115.7,0.0
eia_plant_55835,eia860_55835_08123,eia_plant_code,exact_id,685.0999999999999,685.1,-1.6594196135106706e-14
eia_plant_55866,eia860_55866_30093,eia_plant_code,exact_id,54.9,54.9,0.0
eia_plant_56093,eia860_56093_56041,eia_plant_code,exact_id,144.0,144.0,0.0
eia_plant_56106,eia860_56106_31105,eia_plant_code,exact_id,30.0,30.0,0.0
eia_plant_56148,eia860_56148_46117,eia_plant_code,exact_id,6.0,6.0,0.0
eia_plant_56312,eia860_56312_56023,eia_plant_code,exact_id,144.0,144.0,0.0
eia_plant_56371,eia860_56371_08123,eia_plant_code,exact_id,300.5,300.5,0.0
eia_plant_56377,eia860_56377_30107,eia_plant_code,exact_id,135.0,135.0,0.0
eia_plant_56445,eia860_56445_08123,eia_plant_code,exact_id,420.0,420.0,0.0
eia_plant_56516,eia860_56516_08059,eia_plant_code,exact_id,117.60000000000001,117.6,1.2084060131974494e-14
eia_plant_56530,eia860_56530_08005,eia_plant_code,exact_id,3.2,3.2,0.0
eia_plant_56563,eia860_56563_08075,eia_plant_code,exact_id,199.5,199.5,0.0
eia_plant_56596,eia860_56596_56005,eia_plant_code,exact_id,116.0,116.0,0.0
eia_plant_56609,eia860_56609_56005,eia_plant_code,exact_id,483.7,483.7,0.0
eia_plant_56613,eia860_56613_08075,eia_plant_code,exact_id,201.0,201.0,0.0
eia_plant_56782,eia860_56782_30025,eia_plant_code,exact_id,30.0,30.0,0.0
eia_plant_56841,eia860_56841_56009,eia_plant_code,exact_id,165.6,165.6,0.0
eia_plant_56842,eia860_56842_56009,eia_plant_code,exact_id,115.8,115.8,0.0
eia_plant_56843,eia860_56843_56007,eia_plant_code,exact_id,146.2,146.2,0.0
eia_plant_56908,eia860_56908_30023,eia_plant_code,exact_id,203.10000000000002,203.1,1.3993948513246681e-14
eia_plant_57040,eia860_57040_56001,eia_plant_code,exact_id,122.1,122.1,0.0
eia_plant_57210,eia860_57210_08123,eia_plant_code,exact_id,248.3,248.3,0.0
eia_plant_57211,eia860_57211_16019,eia_plant_code,exact_id,124.5,124.5,0.0
eia_plant_57244,eia860_57244_08063,eia_plant_code,exact_id,51.0,51.0,0.0
eia_plant_57290,eia860_57290_08075,eia_plant_code,exact_id,174.3,174.3,0.0
eia_plant_57299,eia860_57299_56007,eia_plant_code,exact_id,129.5,129.5,0.0
eia_plant_57327,eia860_57327_56009,eia_plant_code,exact_id,200.0,200.0,0.0
eia_plant_57703,eia860_57703_56021,eia_plant_code,exact_id,140.0,140.0,0.0
eia_plant_57748,eia860_57748_30059,eia_plant_code,exact_id,17.7,17.7,0.0
eia_plant_57937,eia860_57937_31157,eia_plant_code,exact_id,7.1,7.1,0.0
eia_plant_58106,eia860_58106_16019,eia_plant_code,exact_id,119.7,119.7,0.0
eia_plant_58218,eia860_58218_30045,eia_plant_code,exact_id,40.0,40.0,0.0
eia_plant_58392,eia860_58392_30039,eia_plant_code,exact_id,2.0,2.0,0.0
eia_plant_58438,eia860_58438_46081,eia_plant_code,exact_id,4.0,4.0,0.0
,flagship_powder_river_basin_coal_mines,no_match,unmatched,,,
eia_plant_4158,flagship_dave_johnston_power_plant,normalized_name_county_capacity,fuzzy,816.7,816.7,0.0
,flagship_kemmerer_unit_1_natrium,no_match,unmatched,,345.0,
,flagship_naughton_gas_conversion,no_match,unmatched,,,
eia_plant_8066,flagship_jim_bridger_power_plant,normalized_name_county_capacity,fuzzy,2326.0,2120.0,9.716981132075473
